{"cameraMode":{"drawMode":0,"name":"Shaded","section":"Shading Mode"},"sceneLighting":true,"audioPlay":false,"sceneViewState":{"m_AlwaysRefresh":false,"showFog":true,"showSkybox":true,"showFlares":true,"showImageEffects":true,"showParticleSystems":true,"showVisualEffectGraphs":true,"m_FxEnabled":true},"in2DMode":false,"pivot":{"x":52.48184585571289,"y":3.209871292114258,"z":16.67131805419922},"rotation":{"x":-0.21990175545215608,"y":0.20369037985801698,"z":-0.047007884830236438,"w":-0.9528607130050659},"size":18.966150283813478,"orthographic":false}